{"cameraMode":{"drawMode":0,"name":"Shaded","section":"Shading Mode"},"sceneLighting":false,"audioPlay":false,"sceneViewState":{"m_AlwaysRefresh":false,"showFog":true,"showSkybox":false,"showFlares":true,"showImageEffects":true,"showParticleSystems":true,"showVisualEffectGraphs":true,"m_FxEnabled":true},"in2DMode":false,"pivot":{"x":-0.023325879126787187,"y":6.146096229553223,"z":-7.440431118011475},"rotation":{"x":0.010368620976805687,"y":-0.9883908629417419,"z":0.08388027548789978,"w":0.1276296228170395},"size":1.7070116996765137,"orthographic":false}