{"cameraMode":{"drawMode":0,"name":"Shaded","section":"Shading Mode"},"sceneLighting":false,"audioPlay":false,"sceneViewState":{"showFog":true,"showMaterialUpdate":true,"showSkybox":false,"showFlares":true,"showImageEffects":true,"showParticleSystems":true},"in2DMode":false,"pivot":{"x":3.697360038757324,"y":-0.5380663871765137,"z":5.589847564697266},"rotation":{"x":-0.15218296647071839,"y":-0.08232717961072922,"z":0.012729298323392868,"w":-0.9848727583885193},"size":2.8578834533691408,"orthographic":false}