{"cameraMode":{"drawMode":0,"name":"Shaded","section":"Shading Mode"},"sceneLighting":false,"audioPlay":false,"sceneViewState":{"showFog":true,"showMaterialUpdate":true,"showSkybox":false,"showFlares":true,"showImageEffects":true,"showParticleSystems":true},"in2DMode":false,"pivot":{"x":2.8296241760253908,"y":4.89722204208374,"z":-32.4771614074707},"rotation":{"x":-0.17815908789634705,"y":0.11249378323554993,"z":-0.020506909117102624,"w":-0.9773426055908203},"size":1.4289418458938599,"orthographic":false}