{"cameraMode":{"drawMode":0,"name":"Shaded","section":"Shading Mode"},"sceneLighting":false,"audioPlay":false,"sceneViewState":{"showFog":true,"showMaterialUpdate":true,"showSkybox":false,"showFlares":true,"showImageEffects":true,"showParticleSystems":true},"in2DMode":false,"pivot":{"x":5.116182327270508,"y":1.0952733755111695,"z":-1.7501360177993775},"rotation":{"x":-0.04498906806111336,"y":0.00959599670022726,"z":-0.00017951206245925277,"w":-0.9990596175193787},"size":0.21650634706020356,"orthographic":false}