{"cameraMode":{"drawMode":0,"name":"Shaded","section":"Shading Mode"},"sceneLighting":false,"audioPlay":false,"sceneViewState":{"showFog":true,"showMaterialUpdate":true,"showSkybox":false,"showFlares":true,"showImageEffects":true,"showParticleSystems":true},"in2DMode":false,"pivot":{"x":5.050424098968506,"y":1.1561177968978882,"z":-1.9102660417556763},"rotation":{"x":0.06745113432407379,"y":-0.002991690533235669,"z":0.00019731417705770582,"w":0.9977522492408752},"size":0.21650634706020356,"orthographic":false}