{"cameraMode":{"drawMode":0,"name":"Shaded","section":"Shading Mode"},"sceneLighting":false,"audioPlay":false,"sceneViewState":{"showFog":true,"showMaterialUpdate":true,"showSkybox":false,"showFlares":true,"showImageEffects":true,"showParticleSystems":true},"in2DMode":false,"pivot":{"x":4.874951362609863,"y":1.1070575714111329,"z":-1.8956799507141114},"rotation":{"x":-0.08274373412132263,"y":-0.3864034414291382,"z":0.03511887788772583,"w":-0.9180667996406555},"size":0.21650634706020356,"orthographic":false}