{"cameraMode":{"drawMode":0,"name":"Shaded","section":"Shading Mode"},"sceneLighting":true,"audioPlay":false,"sceneViewState":{"showFog":true,"showMaterialUpdate":true,"showSkybox":true,"showFlares":true,"showImageEffects":true,"showParticleSystems":true},"in2DMode":false,"pivot":{"x":1.7910218238830567,"y":2.371359348297119,"z":-4.313726425170898},"rotation":{"x":-0.1179075688123703,"y":0.0783240795135498,"z":-0.008887036703526974,"w":-0.9900563955307007},"size":1.9400408267974854,"orthographic":false}