{"cameraMode":{"drawMode":0,"name":"Shaded","section":"Shading Mode"},"sceneLighting":false,"audioPlay":false,"sceneViewState":{"showFog":true,"showMaterialUpdate":true,"showSkybox":false,"showFlares":true,"showImageEffects":true,"showParticleSystems":true},"in2DMode":false,"pivot":{"x":2.122004985809326,"y":2.0068163871765138,"z":1.039581060409546},"rotation":{"x":0.028333062306046487,"y":0.09372033178806305,"z":0.0031290140468627216,"w":-0.9953542947769165},"size":0.466092050075531,"orthographic":false}