{"cameraMode":{"drawMode":0,"name":"Shaded","section":"Shading Mode"},"sceneLighting":false,"audioPlay":false,"sceneViewState":{"showFog":true,"showMaterialUpdate":true,"showSkybox":false,"showFlares":true,"showImageEffects":true,"showParticleSystems":true},"in2DMode":false,"pivot":{"x":3.7104129791259767,"y":-0.6829017996788025,"z":5.548311233520508},"rotation":{"x":0.13904814422130586,"y":0.0014847428537905217,"z":-0.00020796374883502722,"w":0.9902878403663635},"size":0.7144710421562195,"orthographic":false}