{"cameraMode":{"drawMode":0,"name":"Shaded","section":"Shading Mode"},"sceneLighting":false,"audioPlay":false,"sceneViewState":{"showFog":true,"showMaterialUpdate":true,"showSkybox":false,"showFlares":true,"showImageEffects":true,"showParticleSystems":true},"in2DMode":false,"pivot":{"x":3.6973602771759035,"y":1.3109999895095826,"z":-0.2540000081062317},"rotation":{"x":-0.15218296647071839,"y":-0.08232717961072922,"z":0.012729298323392868,"w":-0.9848727583885193},"size":0.21650634706020356,"orthographic":false}