{"cameraMode":{"drawMode":0,"name":"Shaded","section":"Shading Mode"},"sceneLighting":false,"audioPlay":false,"sceneViewState":{"m_AlwaysRefresh":false,"showFog":true,"showSkybox":false,"showFlares":true,"showImageEffects":true,"showParticleSystems":true,"showVisualEffectGraphs":true,"m_FxEnabled":true},"in2DMode":false,"pivot":{"x":-0.006952940486371517,"y":0.023665761575102807,"z":-0.28882426023483279},"rotation":{"x":0.16146180033683778,"y":0.0769612044095993,"z":-0.01214316301047802,"w":0.9839824438095093},"size":0.18191102147102357,"orthographic":false}