{"cameraMode":{"drawMode":0,"name":"Shaded","section":"Shading Mode"},"sceneLighting":false,"audioPlay":false,"sceneViewState":{"m_AlwaysRefresh":false,"showFog":true,"showSkybox":false,"showFlares":true,"showImageEffects":true,"showParticleSystems":true,"showVisualEffectGraphs":true,"m_FxEnabled":true},"in2DMode":false,"pivot":{"x":-0.366756796836853,"y":6.190793514251709,"z":-7.358410358428955},"rotation":{"x":0.0013763552997261286,"y":0.998542070388794,"z":-0.05396952107548714,"w":0.01733933947980404},"size":1.7070116996765137,"orthographic":false}